{"cameraMode":{"drawMode":0,"name":"Shaded","section":"Shading Mode"},"sceneLighting":true,"audioPlay":false,"sceneViewState":{"showFog":true,"showMaterialUpdate":false,"showSkybox":true,"showFlares":true,"showImageEffects":true,"showParticleSystems":true},"in2DMode":false,"pivot":{"x":2.8520588874816896,"y":1.6912169456481934,"z":-1.0991480350494385},"rotation":{"x":0.016426026821136476,"y":-0.8910663723945618,"z":0.45242056250572207,"w":0.032351408153772357},"size":7.357702732086182,"orthographic":false}