{"cameraMode":{"drawMode":24,"name":"Light Overlap","section":"Baked Global Illumination"},"sceneLighting":true,"audioPlay":false,"sceneViewState":{"showFog":true,"showMaterialUpdate":false,"showSkybox":true,"showFlares":true,"showImageEffects":true,"showParticleSystems":true},"in2DMode":false,"pivot":{"x":2.61350154876709,"y":1.6391706466674805,"z":-68.73993682861328},"rotation":{"x":-0.08450490236282349,"y":0.8942891359329224,"z":-0.19255007803440095,"w":-0.39562129974365237},"size":12.41099739074707,"orthographic":false}