{"cameraMode":{"drawMode":24,"name":"Light Overlap","section":"Baked Global Illumination"},"sceneLighting":true,"audioPlay":false,"sceneViewState":{"showFog":true,"showMaterialUpdate":false,"showSkybox":true,"showFlares":true,"showImageEffects":true,"showParticleSystems":true},"in2DMode":false,"pivot":{"x":-11.833963394165039,"y":-1.4238872528076172,"z":-49.79056167602539},"rotation":{"x":0.23450081050395966,"y":0.7440294027328491,"z":-0.5333168506622315,"w":0.3272031247615814},"size":12.889437675476075,"orthographic":false}