{"cameraMode":{"drawMode":0,"name":"Shaded","section":"Shading Mode"},"sceneLighting":true,"audioPlay":false,"sceneViewState":{"showFog":true,"showMaterialUpdate":false,"showSkybox":true,"showFlares":true,"showImageEffects":true,"showParticleSystems":true},"in2DMode":false,"pivot":{"x":-0.5700514316558838,"y":0.06970095634460449,"z":-3.77496337890625},"rotation":{"x":-0.014437585137784481,"y":0.9854159951210022,"z":-0.1281392127275467,"w":-0.11102867126464844},"size":14.189303398132325,"orthographic":false}