{"cameraMode":{"drawMode":24,"name":"Light Overlap","section":"Baked Global Illumination"},"sceneLighting":true,"audioPlay":false,"sceneViewState":{"showFog":true,"showMaterialUpdate":false,"showSkybox":true,"showFlares":true,"showImageEffects":true,"showParticleSystems":true},"in2DMode":false,"pivot":{"x":-31.866493225097658,"y":-0.07545113563537598,"z":-25.603199005126954},"rotation":{"x":-0.13336704671382905,"y":0.7717211842536926,"z":-0.1745261251926422,"w":-0.597190797328949},"size":2.571795701980591,"orthographic":false}