{"cameraMode":{"drawMode":24,"name":"Light Overlap","section":"Baked Global Illumination"},"sceneLighting":true,"audioPlay":false,"sceneViewState":{"showFog":true,"showMaterialUpdate":false,"showSkybox":true,"showFlares":true,"showImageEffects":true,"showParticleSystems":true},"in2DMode":false,"pivot":{"x":-28.733474731445314,"y":-16.760059356689454,"z":58.4483642578125},"rotation":{"x":-0.006947838235646486,"y":-0.04136338457465172,"z":-0.0008642823668196797,"w":-0.999404788017273},"size":723.9072265625,"orthographic":false}