{"cameraMode":{"drawMode":24,"name":"Light Overlap","section":"Baked Global Illumination"},"sceneLighting":true,"audioPlay":false,"sceneViewState":{"showFog":true,"showMaterialUpdate":false,"showSkybox":true,"showFlares":true,"showImageEffects":true,"showParticleSystems":true},"in2DMode":false,"pivot":{"x":-16.308805465698243,"y":3.40620756149292,"z":-55.53761672973633},"rotation":{"x":-0.07647539675235748,"y":-0.1466100662946701,"z":0.011447325348854065,"w":-0.9862284064292908},"size":0.29671865701675417,"orthographic":false}