{"cameraMode":{"drawMode":24,"name":"Light Overlap","section":"Baked Global Illumination"},"sceneLighting":true,"audioPlay":false,"sceneViewState":{"showFog":true,"showMaterialUpdate":false,"showSkybox":true,"showFlares":true,"showImageEffects":true,"showParticleSystems":true},"in2DMode":false,"pivot":{"x":-23.22926902770996,"y":0.05065339803695679,"z":3.38633394241333},"rotation":{"x":0.029390942305326463,"y":0.3211709260940552,"z":-0.00957532413303852,"w":0.9468383193016052},"size":8.678840637207032,"orthographic":false}